Názov školy;Obec;Ulica;PSČ
Gymnázium;Bratislava;Bilíkova 24;84419
Gymnázium;Bratislava;Grösslingová 18;81109
ZŠ a Gymnázium s VJM;Bratislava;Dunajská 13;81484
Gymnázium;Bratislava;Hubeného 23;83408
Gymnázium Ivana Horvátha;Bratislava;Ivana Horvátha 14;82103
Gymnázium;Bratislava;Ladislava Sáru 1;84104
Gymnázium Alberta Einsteina;Bratislava;Einsteinova 35;85203
Gymnázium;Bratislava;Metodova 2;82108
Spojená škola- gymn. J. Hronca;Bratislava;Novohradská 3;82109
Gymnázium Ladislava Novomeského;Bratislava;Tomášikova 2;82729
Gymnázium Jána Papánka;Bratislava;Vazovova 6;81107
Športové gymnázium;Bratislava;Ostredková 10;82102
Spojená škola - GYMNÁZIUM pre žiakov s telesným postihnutím;Bratislava;Mokrohájska cesta 3;84413
Gymnázium Federica Garcíu Lorcu;Bratislava;Hronská 3;82107
1. súkromné gymnázium v Bratislave;Bratislava;Bajkalská 20;82108
Evanjelické lýceum;Bratislava;Vranovská 2;85102
Gymnázium Matky Alexie;Bratislava;Jesenského 4/A;81102
Súkromné gymnázium MERCURY;Bratislava;Zadunajská cesta 27;85101
Gymnázium;Bratislava;Pankúchova 6;85104
Súkromné gymnázium;Bratislava;Kremnická 26;85101
Súkromné gymnázium;Bratislava;Vážska 32;82107
Gymnázium Svätej Uršule;Bratislava;Nedbalova 6;81101
Spojená škola Svätej rodiny - gymnázium;Bratislava;Gercenova 10;85101
Bulharské gymn. CH.Boteva;Bratislava;Záporožská 8;85101
Súkromné športové gymnázium Gaudeamus;Bratislava;Dudvážska 6;82107
Spojená škola - gymnázium;Bratislava;Tilgnerova 14;84105
Spoj.šk. de La Salle - Gymnázium školských bratov;Bratislava;Čachtická 14;83106
Gymnázium;Malacky;1. mája 8;90101
Spojená škola sv. Františka Assiského-Gymnázium sv. Františka Assiského;Malacky;Kláštorné nám. 1;90101
Gymnázium Karola Štúra;Modra;Nám. slobody 5;90001
Gymnázium;Pezinok;Senecká 2;90201
Gymnázium Antona Bernoláka;Senec;Lichnerova 69;90301
Spojená škola s VJM- GYMNÁZIUM A.M. SZENCZIHO;Senec;Lichnerova 71;90301
Bilingválne gymnázium C.S.Lewisa;Bratislava;Haanova 28;85104
Škola pre mimoriadne nadané deti a GYMNÁZIUM;Bratislava;Teplická 7;83102
Súkromné gymnázium ESPRIT;Bratislava;Majerníkova 62;84105
Súkromné gymnázium;Bratislava;Česká 10;83103
Spojená škola sv. Františka z Assisi - gymnázium;Bratislava;Karloveská 32;84104
Súkromné gymnázium EISB;Bratislava;Kalinčiakova 12;83104
Súkromné gymnázium Galileo School;Bratislava;Dudvážska 6;82107
Gymnázium pre žiakov so sluchovým postihnutím;Bratislava;Koceľova 26;82108
Súkr. spoj. škola Cambridge International School,-Súkr. gymnázium;Bratislava;Úprkova 3;81104
Súkromná spojená škola British International School Bratislava s org.zložkami: Základná škola s MŠ a GYMNÁZIUM;Bratislava;Pekníkova 6;84101
Súkromné gymnázium nemecko-slovenské;Bratislava;Palisády 51;81106
Súkromné gymnázium pre žiakov so všeobecným intelektovým nadaním CENADA;Bratislava;Majerníkova 60;84105
Súkromné gymnázium francúzsko-slovenské;Bratislava;M. C. Sklodowskej 1;85101
Stredná zdravotnícka škola;Bratislava;Záhradnícka 44;82108
Stredná zdravotnícka škola;Bratislava;Strečnianska 20;85007
Konzervatórium;Bratislava;Tolstého 11;81106
Cirkevné konzervatórium;Bratislava;Beňadická 16;85106
Súkromné konzervatórium Alkana;Bratislava;Batkova 2;84101
Tanečné konzervatórium Evy Jaczovej;Bratislava;Gorazdova 20;81104
Spojená škola- SOŠ umeleckopriemyselná;Bratislava;Tokajícka 24;82103
Škola úžitkového výtvarníctva Josefa Vydru;Bratislava;Dúbravská cesta 11;84532
Súkromná stredná umelecká škola animovanej tvorby;Bratislava;Vlastenecké n.1;85101
Súkromná stredná umelecká škola dizajnu;Bratislava;Ivánska ces. 21;82104
SUŠ scénického výtvarníctva;Bratislava;Sklenárova 7;82489
Súkromná stredná odborná škola ochrany osôb a majetku;Bratislava;Vranovská 4;85101
Súkromná stredná odborná škola;Plav. štvrtok;351;90068
Stredná odborná škola;Bratislava;Račianska 105;83102
Stredná odborná škola automobilová a podnikania;Senec;Kysucká 14;90301
Stredná odborná škola;Bratislava;Ivanská cesta21;82375
Stredná odborná škola kaderníctva a vizážistiky;Bratislava;Svätoplukova 2;82108
Súkromná stredná odborná škola;Bratislava;Exnárova 20;82601
Stredná odborná škola;Pezinok;Komenského 27;90201
Súkromná stredná odborná škola - Gastroškola;Bratislava;Bieloruská 1;82106
Súkromná stredná odborná škola HOST;Bratislava;Riazanská 75;83103
Spojená škola- SOŠ;Ivanka pri Dunaji;SNP 30;90028
Spoj.š.- SOŠ J.A.Gagarina;Bernolákovo;Svätoplukova 38;90027
Stredná odborná škola gastronómie a hotelových služieb;Bratislava;Farského 9;85101
SOŠ pre žiakov so sluchovým postihnutím;Bratislava;Koceľova 26;82108
SOŠ pre žiakov s telesným postihnutím;Bratislava;Mokrohájska 1;84240
Súkromná športová stredná odborná škola;Bratislava;M. C. Sklodowskej 1;85104
Súkromná stredná odborná škola;Bratislava;Dudova 4;85105
Stredná priemyselná škola strojnícka;Bratislava;Fajnorovo nábrežie 5;81475
Stredná odborná škola chemická;Bratislava;Vlčie hrdlo 50;82107
Spojená škola - Stredná odborná škola drevárska;Bratislava;Tokajícka 24;82103
SOŠ polygrafická;Bratislava;Račianska 190;83526
Stredná priemyselná škola stavebná a geodetická;Bratislava;Drieňová 35;82664
SOŠ masmediálnych a informačných štúdií;Bratislava;Kadnárova ul. 7;83414
Stredná odborná škola informačných technológií;Bratislava;Hlinická 1;83152
SOŠ záhradnícka G.Čejku;Malinovo;Bratislavská 44;90045
SOŠ vinársko-ovocinárska;Modra;Kostolná 3;90001
Súkromná SOŠ veterinárna;Bratislava;Pod brehmi 6/A;84420
Súkromná hotelová akadémia HaGMa;Bratislava;Biskupická 21;82106
Hotelová akadémia;Bratislava;Mikovíniho 1;83102
Obchodná akadémia;Bratislava;Račianska 107;83102
Obchodná akadémia Imricha Karvaša;Bratislava;Hrobákova 11;85102
Obchodná akadémia;Bratislava;Dudova 4;85102
Obchodná akadémia;Bratislava;Nevädzova 3;82007
Súkromná OA Profi-Kamo;Bratislava;Dudvážska 6;82107
Spojená škola -OA pre žiak. s tel.post.;Bratislava;Mokrohájska 3;84413
Obchodná akadémia;Pezinok;Myslenická 1;90201
Súkromná obchodná akadémia;Bratislava;Kremnická 26;85101
Súkromná obchodná akadémia;Plav. štvrtok;351;90068
Stredná odborná škola podnikania;Bratislava;Strečnianska 20;85106
Spojená škola s vyuč. jazykom maďarským -SOŠ;Senec;Lichnerova 71;90301
SOŠ obchodu a služieb S.Jurkoviča;Bratislava;Sklenárova 1;82109
Stredná odborná škola hotelových služieb a obchodu;Bratislava;Na pántoch 9;83106
Stredná odborná škola pedagogická;Modra;Sokolská 6;90001
Stredná odborná škola pedagogická;Bratislava;Bullova  2;84011
Súkromná pedagogická a sociálna akadémia;Bratislava;Ružová dol. 29;82109
Spojená škola - Praktická škola;Bratislava;Švabinského 7;85101
Spojená škola - Praktická škola;Bratislava;Dúbravská c. 1;84525
Spojená škola - Praktická škola;Bratislava;J. Valašťana-Dolinského 1;84101
Spojená škola - Praktická škola;Malacky;Pribinova 16/1;90101
Spojená škola - Praktická škola;Pezinok;Komenského 25;90201
Spojená škola - Praktická škola;Senec;Trnavská 2;90301
Spojená škola - Odborné učilište;Bratislava;Švabinského 7;85101
Odborné učilište;Bratislava;Dúbravska ces.1;84529
OU pre žiakov so sluchovým postihnutím;Bratislava;Koceľova 26;82108
Stredná odborná škola technická;Bratislava;Vranovská 4;85102
Stredná odborná škola elektrotechnická;Bratislava;Rybničná 59;83107
Cirkevná stredná odborná škola elektrotechnická P. G. Frassatiho;Bratislava;Vazovova 12;81107
Stredná priemyselná škola elektrotechnická;Bratislava;Zochova 9;81103
Stredná priemyselná škola elektrotechnická;Bratislava;K. Adlera 5;84102
Stredná priemyselná škola elektrotechnická;Bratislava;Hálova 16;85101
Stredná odborná škola dopravná;Bratislava;Kvačalova 20;82109
Stredná priemyselná škola dopravná;Bratislava;Kvačalova 20;82108
Súkromná SOŠ automobilová Duálna akadémia;Bratislava;Jána Jonáša 5;84306
Gymnázium Ladislava Dúbravu;Dunajská Streda;Smetanov háj 285/8;92901
Gymnázium Ármina Vámbéryho s vyučovacím jazykom maďarským - Vámbéry Ármin Gimnázium;Dunajská Streda;Nám. sv. Štefana 1190/4;92936
Gymnázium M. R. Štefánika;Šamorín;Slnečná 2;93101
Gymnázium Imre Madácha s vyučovacím jazykom maďarským - Madách Imre Magyar Tanítási Nyelvű Gimnázium;Šamorín;Slnečná 2;93101
Gymnázium Janka Matúšku;Galanta;Štvrť SNP 1004/34;92401
Gymnázium Zoltána Kodálya s vyučovacím jazykom maďarským - Kodály Zoltán Gimnázium;Galanta;Štvrť SNP 1004/34;92401
Gymnázium Vojtecha Mihálika;Sereď;Kostolná 119/8;92601
Gymnázium Ivana Kupca;Hlohovec;Komenského 13;92001
Gymnázium Pierra de Coubertina;Piešťany;Nám. SNP 9;92126
Gymnázium Ladislava Novomeského;Senica;Dlhá 1037/12;90540
Gymnázium Františka Víťazoslava Sasinka;Skalica;Námestie slobody 3;90901
Gymnázium Jána Hollého;Trnava;Na hlinách 7279/30;91701
Gymnázium Angely Merici;Trnava;Hviezdoslavova 10;91701
Športové gymnázium Jozefa Herdu;Trnava;Jána Bottu 31;91787
Súkromné bilingválne gymnázium;Galanta;Hodská 10;92401
Gymnázium Jána Baltazára Magina;Vrbové;Beňovského 358/100;92203
Arcibiskupské gymnázium biskupa P.Jantauscha;Trnava;Jána Hollého 9;91701
Športové gymnázium s vyučovacím jazykom maďarským - Magyar Tannyelvű Sportgimnázium;Dunajská Streda;Nám. sv. Štefana 1533/3;92901
Súkromné gymnázium s vyučovacím jazykom maďarským - Magyar Tanítási Nyelvu Magángimnázium;Dunajská Streda;Hlavná 21;92901
Súkromné bilingválne gymnázium BESST;Trnava;Limbová 6051/3;91702
Stredná zdravotnícka škola - Egészségugyi Középiskola;Dunajská Streda;Športová 349/34;92901
Stredná zdravotnícka škola;Skalica;Lichardova 1;90901
Stredná zdravotnícka škola;Trnava;Daxnerova 6;91792
Súkromné tanečné konzervatórium Dušana Nebylu;Trnava;Hollého 8;91701
Stredná odborná škola Jozefa Čabelku;Holíč;Bernolákova 383/10;90851
Súkromná stredná odborná škola VIA HUMANA;Skalica;Mallého 2;90901
Súkromná stredná odborná škola - Magán Szakközépiskola;Sládkovičovo;Fučíkova 426;92521
Stredná odborná škola s vyučovacím jazykom maďarským - Szakközépiskola;Dunajská Streda;Gyulu Szabóa 21;92901
Stredná odborná škola;Rakovice;Rakovice 25;92208
Súkromná stredná odborná škola SD Jednota;Šamorín;Vinohradská 48;93101
Súkromná stredná odborná škola s vyučovacím jazykom maďarským - Magyar Tannyelvü Magán Szakközépiskola;Dunajská Streda;Neratovické nám. 1916/16;92901
Súkromná stredná odborná škola - Magán Szakközépiskola;Zlaté Klasy;Trhovisko 776/1;93039
Súkromná stredná odborná škola obchodu a služieb, s vyučovacím jazykom maďarským - Magán Kereskedelmi és Szolgáltatóipar;Mostová;Mostová 53;92507
Stredná odborná škola;Senica;V. P. Tótha 31;90501
Súkromná stredná odborná škola Gos-Sk;Trnava;Ferka Urbánka 19;91810
Stredná odborná škola;Holíč;Nám. sv. Martina 5;90851
Stredná odborná škola;Hlohovec;Nerudova 13;92001
Stredná odborná škola strojnícka;Skalica;Pplk. Pľjušťa 29;90901
Stredná priemyselná škola stavebná Dušana Samuela Jurkoviča;Trnava;Lomonosovova 7;91708
Stredná odborná škola stavebná s vyučovacím jazykom maďarským - Építészeti Szakközépiskola;Dunajská Streda;Gyulu Szabóa 1;92901
Stredná priemyselná škola;Trnava;Komenského 1;91731
Stredná odborná škola rozvoja vidieka s vyučovacím jazykom maďarským - Vidékfejlesztési Szakközépiskola;Dunajská Streda;Nám. sv. Štefana 1533/3;92938
Stredná odborná škola poľnohospodárstva a služieb na vidieku;Trnava;Zavarská 9;91728
Stredná odborná škola záhradnícka;Piešťany;Brezová 2;92177
Hotelová akadémia Ľudovíta Wintera;Piešťany;Stromová 34;92101
Súkromná hotelová akadémia SD Jednota;Šamorín;Vinohradská 48;93101
Obchodná akadémia - Kereskedelmi Akadémia;Veľký Meder;Bratislavská 38;93201
Obchodná akadémia;Sereď;Mládežnícka 158/5;92601
Obchodná akadémia;Hlohovec;Tehelná 4;92001
Obchodná akadémia;Senica;Dlhá 256/10;90580
Obchodná akadémia;Trnava;Kukučínova 2;91729
Súkromná stredná odborná škola podnikania;Senica;Hollého 1380;90501
Stredná odborná škola obchodu a služieb;Galanta;Z. Kodálya 765;92447
Stredná odborná škola obchodu a služieb;Piešťany;Mojmírova 99/28;92101
Stredná odborná škola obchodu a služieb;Trnava;Lomonosovova 2797/6;91854
Pedagogická a sociálna akadémia blahoslavenej Laury;Trnava;Jána Hollého 9;91701
Praktická škola ako organizačná zložka Spojenej školy;Piešťany;Valova 40;92101
Praktická škola internátna ako organizačná zložka Spojenej školy;Senica;Brezová 1;90501
Praktická škola ako organizačná zložka Spojenej školy;Trnava;Haulíkova 1;91708
Praktická škola - Készségfejlesztő Iskola ako organizačná zložka Spojenej školy;Sládkovičovo;Školská 212;92521
Praktická škola ako organizačná zložka Spojenej školy;Trnava;Čajkovského 50;91708
Praktická škola s vyučovacím jazykom maďarským - Készégfejlesztö Iskola ako organizačná zložka Spojenej školy;Dunajská Streda;Gyulu Szabóa 1;92901
Praktická škola ako organizačná zložka Spojenej školy;Vrbové;Nám.sv.Cyrila a Metoda 9;92203
Praktická škola ako organizačná zložka Spojenej školy;Hlohovec;Palárikova 1/A;92001
Odborné učilište internátne ako organizačná zložka Spojenej školy;Hlohovec;Palárikova 1/A;92001
Odborné učilište internátne ako organizačná zložka Spojenej školy;Trnava;Lomonosovova 8;91708
Odborné učilište internátne - Bennlakásos szaktanintézet ako organizačná zložka Spojenej školy;Okoč;Gorkého 4/90;93028
Odborné učilište pri reedukačnom centre pre mládež;Trstín;Trstín 335;91905
Stredná odborná škola technická - Múszaki Szakközépiskola;Dunajská Streda;Kračanská cesta 1240/36;92901
Stredná odborná škola technická;Hlohovec;F. Lipku 2422/5;92001
Stredná odborná škola technická;Piešťany;Nová 5245/9;92101
Stredná odborná škola technická - Múszaki Szakközépiskola;Galanta;Esterházyovcov 712/10;92434
Súkromná stredná odborná škola DSA;Trnava;Koniarekova 17;91850
Stredná priemyselná škola elektrotechnická;Piešťany;Brezová 2;92177
Stredná odborná škola elektrotechnická;Gbely;Učňovská 700/6;90845
Stredná odborná škola elektrotechnická;Trnava;Sibírska 1;91701
Stredná priemyselná škola dopravná;Trnava;Študentská 23;91745
Stredná odborná škola automobilová;Trnava;Coburgova 7859/39;91702
Gymnázium Janka Jesenského;Bánovce nad Bebravou;Radlinského 665/2;95701
Gymnázium;Dubnica nad Váhom;Školská 2;1841
Gymnázium ako organizačná zložka Spojenej školy sv. Jána Bosca;Nová Dubnica;Trenčianska 66/28;1851
Gymnázium;Myjava;Jablonská 301/5;90701
Gymnázium M. R. Štefánika;Nové Mesto nad Váhom;Športová 41;91501
Gymnázium ako organizačná zložka Spojenej školy sv. Jozefa;Nové Mesto nad Váhom;Klčové 87;91501
Bilingválne slovensko - španielske gymnázium;Nové Mesto nad Váhom;Štúrova 2590/31A;91501
Gymnázium;Partizánske;Komenského 2/1074;95801
Gymnázium;Považská Bystrica;Školská 234/8;1701
Súkromné gymnázium;Považská Bystrica;M. R. Štefánika 148/27;1701
Gymnázium Ivana Bellu;Handlová;Lipová 15;97251
Gymnázium Vavrinca Benedikta Nedožerského;Prievidza;Matice slovenskej 16;97101
Piaristická spojená škola Františka Hanáka - Piaristické gymnázium Františka Hanáka;Prievidza;A. Hlinku 44;97101
Gymnázium;Púchov;Ul. 1. mája 905;2015
Gymnázium Ľudovíta Štúra;Trenčín;1. mája 170/2;91135
Športové gymnázium;Trenčín;Staničná 6;91105
Piaristické gymnázium Jozefa Braneckého;Trenčín;Palackého 4;91250
Súkromné športové gymnázium;Trenčianske Teplice;Sídlisko SNP 6;91451
Súkromné gymnázium FUTURUM;Trenčín;Kožušnícka 2;91105
Stredná zdravotnícka škola;Považská Bystrica;Školská 230;1701
Stredná zdravotnícka škola;Trenčín;Veľkomoravská 14;91134
Stredná umelecká škola;Trenčín;Staničná 8;91105
Stredná odborná škola strojnícka;Bánovce nad Bebravou;Partizánska cesta 76;95701
Stredná odborná škola;Pruské;Pruské 294;1852
Stredná odborná škola;Dubnica nad Váhom;Bratislavská 439/18;1841
Stredná odborná škola;Stará Turá;Športová 675;91601
Stredná odborná škola;Partizánske;Námestie SNP 5;95823
Stredná odborná škola;Považská Bystrica;Slov. partizánov 1129/49;1701
Súkromná stredná odborná škola;Prievidza;S. Chalupku 1938/12B;97101
Stredná odborná škola;Prievidza;T. Vansovej 32;97101
Stredná odborná škola;Handlová;Lipová 8;97251
Stredná odborná škola ako organizačná zložka Spojenej školy;Nováky;Rastislavova 332;97271
Stredná odborná škola;Púchov;I.Krasku 491;2032
Súkromná stredná odborná škola;Trenčín;Ul.gen.M.R.Štefánika 379;91101
Stredná odborná škola;Trenčín;Pod Sokolice 14;91101
Stredná odborná škola ako organizačná zložka Piaristickej spojenej školy Františka Hanáka;Prievidza;A. Hlinku 44;97101
Stredná odborná škola ako organizačná zložka Spojenej školy sv. Jána Bosca;Nová Dubnica;Trenčianská 66/28;1851
Stredná odborná škola strojnícka;Považská Bystrica;Športovcov 341/2;1749
Stredná odborná škola stavebná Emila Belluša;Trenčín;Staničná 4;91105
Stredná odborná škola sklárska;Lednické Rovne;Súhradka 193;2061
Stredná priemyselná škola;Dubnica nad Váhom;Obrancov mieru 343/1;1841
Stredná priemyselná škola;Myjava;SNP 413/8;90701
Stredná priemyselná škola;Považská Bystrica;Slov. partizánov 1132/52;1701
Stredná priemyselná škola;Nové Mesto nad Váhom;Bzinská 11;91501
Súkromná hotelová akadémia;Považská Bystrica;M. R. Štefánika 148/27;1701
Elokované pracovisko ako súčasť Obchodnej akadémie P. Bystrica;Ilava;Hviezdoslavova 330/17;1901
Obchodná akadémia;Považská Bystrica;Jesenského 259/6;1744
Súkromná obchodná akadémia;Považská Bystrica;M. R. Štefánika 148/27;1701
Obchodná akadémia;Prievidza;F. Madvu 2;97129
Obchodná akadémia Milana Hodžu;Trenčín;Martina Rázusa 1;91129
Stredná odborná škola obchodu a služieb;Prievidza;Nábr. J. Kalinčiaka 1;97101
Stredná odborná škola obchodu a služieb;Púchov;Ul. 1. mája 1264;2029
Stredná odborná škola obchodu a služieb;Trenčín;Jilemnického 24;91250
Stredná odborná škola obchodu a služieb;Nové Mesto nad Váhom;Piešťanská 2262/80;91501
Pedagogická a sociálna akadémia sv. Andreja-Svorada a Benedikta;Trenčín;1. mája 7;91101
Praktická škola ako organizačná zložka Spojenej školy internátnej;Považská Bystrica;Sídl. SNP 1653/152;1701
Praktická škola ako organizačná zložka Spojenej školy;Prievidza;Nábr. J. Kalinčiaka 4;97101
Praktická škola ako organizačná zložka Spojenej školy Vladimíra Predmerského;Trenčín;Ľudovíta Stárka 12;91105
Praktická škola ako organizačná zložka Spojenej školy internátnej;Prievidza;Úzka 2;97101
Praktická škola ako organizačná zložka Spojenej školy;Púchov;Športovcov 1461/17;2001
Praktická škola ako organizačná zložka Spojenej školy;Dubnica nad Váhom;Školská 386/1;1841
Praktická škola ako organizačná zložka Spojenej školy;Nové Mesto nad Váhom;Ul. J. Kollára 3;91532
Praktická škola ako organizačná zložka Spojenej školy;Myjava;Továrenská 63/1;90701
Praktická škola ako organizačná zložka Spojenej školy internátnej;Trenčianska Teplá;M. R. Štefánika 323/1;91401
Odborné učilište internátne;Ladce;Hviezdoslavova 668;1863
Odborné učilište ako organizačná zložka Spojenej školy;Prievidza;Nábr. J. Kalinčiaka 4;97101
Dopravná akadémia;Trenčín;Školská 66;91250
Stredná odborná škola letecko - technická;Trenčín;Legionárska 160;91104
Gymnázium Ľudovíta Jaroslava Šuleka;Komárno;Pohraničná 10;94552
Gymnázium Hansa Selyeho s vyučovacím jazykom maďarským - Selye János Gimnázium;Komárno;Biskupa Királya 5;94501
Gymnázium Andreja Vrábla;Levice;Mierová 5;93403
Gymnázium;Šahy;Mládežnícka 22;93601
Gymnázium s vyučovacím jazykom maďarským - Gimnázium;Šahy;Mládežnícka 22;93601
Gymnázium;Želiezovce;Štúrova 16;93701
Gymnázium Jána Amosa Komenského s vyučovacím jazykom maďarským - Comenius Gimnázium;Želiezovce;Štúrova 16;93701
Gymnázium;Nitra;Golianova 68;94901
Gymnázium;Nitra;Párovská 1;95050
Spojená katolícka škola;Nitra;Farská 19;94901
Piaristická spojená škola sv. Jozefa Kalazanského;Nitra;Piaristická 6;94901
Gymnázium;Vráble;Školská 26;95280
Gymnázium;Nové Zámky;M. R. Štefánika 16;94061
Gymnázium - Gimnázium;Štúrovo;Adyho 7;94301
Gymnázium;Šurany;Bernolákova 37;94201
Gymnázium Juraja Fándlyho;Šaľa;Školská 3;92701
Gymnázium;Topoľčany;17. novembra 1180/16;95501
Gymnázium Janka Kráľa;Zlaté Moravce;Slov.národ.povstania 3;95342
Cirkevná spojená škola Marianum s vyučovacím jazykom maďarským;Komárno;Biskupa Királya 30;94501
Gymnázium Pétera Czeglédiho Reformovanej kresťanskej cirkvi s vyuč. jaz. maď. - Czeglédi Péter Református Gimnázium;Levice;J. Jesenského 41;93401
Športové gymnázium ako organizačná zložka Spojenej školy;Nitra;Slančíkovej 2;95050
Gymnázium Petra Pázmáňa s vyučovacím jazykom maďarským - Pázmány Péter Gimnázium;Nové Zámky;Letomostie 3;94061
Katolícka spojená škola sv. Vincenta de Paul;Levice;Saratovská 87;93405
Súkromné gymnázium;Topoľčany;Gagarinova 1;95501
Katolícka spojená škola F. Fegyvernekiho s vyučovacím jazykom maďatským - Fegyverneki Ferenc Közös Igazgatású Katolikus;Šahy;Slov.národ.povstania 4;93601
Stredná zdravotnícka škola;Nitra;Farská 23;95050
Stredná zdravotnícka škola - Egészségügyi Középiskola;Nové Zámky;Pod kalváriou 1;94001
Stredná zdravotnícka škola sv. Vincenta de Paul;Topoľčany;17. novembra 1056;95501
Súkromné konzervatórium Dezidera Kardoša;Topoľčany;Gagarinova 2490/13;95501
Súkromné konzervatórium;Nitra;Krčméryho 2;94901
Súkromná škola úžitkového výtvarníctva;Topoľčany;Gagarinova 2490/13;95501
Súkromná stredná umelecká škola dizajnu;Nitra;Škultétyho ul. 1;94911
Stredná umelecká škola Ladislava Bielika;Levice;Vajanského 23;93403
Súkromná stredná odborná škola pedagogická;Topoľčany;Tovarnícka 1641;95501
Súkromná stredná odborná škola ANIMUS;Nitra;Levická cesta 40;94901
Súkromná stredná odborná škola s vyučovacím jazykom maďarským - Magyar Tannyelvű Magán Szakközépiskola;Dolné Obdokovce;Dolné Obdokovce 71;95102
Stredná odborná škola;Nitra;Cintorínska 4;95050
Stredná odborná škola dopravy a služieb;Nové Zámky;Jesenského 1;94062
Stredná odborná škola - Szakközépiskola;Dvory nad Žitavou;Hlavné námestie 2;94131
Stredná odborná škola techniky a služieb;Topoľčany;Tovarnícka 1609;95582
Stredná odborná škola agrotechnická;Topoľčany;Tovarnícka 1632;95529
Stredná odborná škola techniky, služieb a obchodu - Műszaki, Szolgáltatások és Kereskedelmi Szakközépiskola;Štúrovo;Svätého Štefana 81;94303
Stredná odborná škola služieb;Levice;Sv. Michala 36;93480
Stredná odborná škola - Szakközépiskola;Kravany nad Dunajom;Dunajský rad 138;94636
Súkromná stredná odborná škola, Magán Szakközépiskola;Bátorove Kosihy;Hlavné námestie 35;94634
Súkromná stredná odborná škola s vyučovacím jazykom maďarským - Magyar Tannyelvű Magán Szakközépiskola;Kolárovo;Slovenská 52;94603
Stredná odborná škola - Szakközépiskola;Šahy;Slov.národ.povstania 41;93601
Stredná odborná škola gastronómie a služieb;Šurany;Hviezdoslavova 55;94201
Stredná odborná škola technická - Műszaki Szakközépiskola;Komárno;Bratislavská cesta 10;94525
Stredná odborná škola;Kalná nad Hronom;Mieru 23;93532
Stredná odborná škola;Levice;Pod amfiteátrom 7;93401
Súkromná stredná odborná škola - Magán Szakközépiskola - ako organizačná zložka Súkromnej spojenej školy - Kereskedelmi;Štúrovo;Svätého Štefana 648/36;94301
Stredná odborná škola stavebná;Nitra;Nábrežie mládeže 1;95028
Stredná odborná škola gastronómie a cestovného ruchu;Nitra;Levická 40;95003
Stredná odborná škola stavebná - Építészeti Szakközépiskola;Nové Zámky;Nitrianska cesta 61;94001
Stredná odborná škola ako organizačná zložka Spojenej školy;Šaľa;Nivy 2;92705
Stredná odborná škola techniky a mechanizácie - Műszaki és Gépesítési Szakközépiskola;Hurbanovo;1. mája 1;94701
Stredná odborná škola - Szakközépiskola;Šaľa;Štúrova 74;92701
Stredná odborná škola pri Reedukačnom centre;Zlaté Moravce;Prílepská 6;95301
Stredná odborná škola potravinárska;Nitra;Cabajská 6;94901
Stredná odborná škola potravinárska;Topoľčany;Krušovská 2091;95501
Stredná odborná škola drevárska;Topoľčany;Pílska 7;95501
Stredná priemyselná škola stavebná - Építőipari Szakközépiskola;Hurbanovo;Konkolyho 8;94701
Stredná priemyselná škola stavebná;Nitra;Cabajská 4;95050
Stredná priemyselná škola - Ipari Szakközépiskola;Komárno;Petőfiho 2;94550
Stredná priemyselná škola;Levice;F. Hečku 25;93447
Stredná priemyselná škola strojnícka a elektrotechnická;Nitra;Fraňa Kráľa 20;94901
Stredná priemyselná škola ako organizačná zložka Spojenej školy;Šaľa;Nivy 2;92705
Stredná priemyselná škola potravinárska ako organizačná zložka Spojenej školy;Nitra;Slančíkovej 2;95050
Stredná odborná škola poľnohospodárstva a služieb na vidieku;Levice;Na lúkach 18;93403
Stredná odborná škola veterinárna;Nitra;Drážovská 14;95012
Hotelová akadémia ako organizačná zložka Spojenej školy;Nitra;Slančíkovej 2;95050
Obchodná akadémia;Levice;Kálmána Kittenbergera 2;93440
Obchodná akadémia;Nitra;Bolečkova 2;95050
Súkromná obchodná akadémia - Kereskedelmi Magánakadémia - ako organizačná zložka Súkromnej spojenej škly;Štúrovo;Svätého Štefana 36;94301
Obchodná akadémia;Šurany;Nám. hrdinov 7;94201
Obchodná akadémia;Topoľčany;Inovecká 2041;95594
Obchodná akadémia;Zlaté Moravce;Bernolákova 26;95320
Obchodná akadémia - Kereskedelmi Akadémia - ako organizačná zložka Spojenej školy;Nové Zámky;Komárňanská 28;94075
Obchodná akadémia - Kereskedelmi Akadémia - ako organizačná zložka Spojenej školy;Šaľa;Nivy 2;92705
Stredná odborná škola obchodu a služieb;Topoľčany;T. Vansovej 2;95501
Stredná odborná škola obchodu a služieb;Zlaté Moravce;Slov.národ.povstania 5;95301
Stredná odborná škola obchodu a služieb - Kereskedelmi és Szolgáltatóipari Szakközépiskola;Komárno;Budovateľská 32;94501
Stredná odborná škola hotelových služieb a obchodu;Nové Zámky;Zdravotnícka 3;94051
Stredná odborná škola pedagogická;Levice;Ul. F. Engelsa 3;93429
Praktická škola ako organizačná zložka Spojenej školy internátnej;Topoľčany;Tovarnícka 1632;95501
Praktická škola ako organizačná zložka Spojenej školy internátnej;Nitra;Červeňova 42;94901
Praktická škola ako organizačná zložka Spojenej školy;Zlaté Moravce;J. Kráľa 39;95301
Praktická škola ako organizačná zložka Spojenej školy internátnej;Levice;Z. Nejedlého 41;94001
Praktická škola ako organizačná zložka Spojenej školy;Šaľa;Krátka 11;92701
Odborné učilište internátne - Benntlakásos Szakmunkásképző - ako organizačná zložka Spojenej školy internátnej;Šahy;Kapitulská 15;93601
Odborné učilište internátne;Mojmírovce;Nám. sv.Ladislava 1791/14;95115
Odborné učilište internátne;Nová Ves nad Žitavou;Nová Ves nad Žitavou 249;95151
Stredná odborná škola technická;Tlmače;Kozmálovská cesta 9;93528
Stredná odborná škola technická;Šurany;Nitrianska 61;94201
Stredná odborná škola technická;Zlaté Moravce;Ul. 1. mája 22;95301
Stredná odborná škola technická;Vráble;Ul. 1. mája 500;95201
Súkromná stredná odborná škola polytechnická DSA;Nitra;Novozámocká 220;94905
Stredná odborná škola polytechnická;Zlaté Moravce;Ul. SNP 2;95330
Stredná priemyselná škola elektrotechnická S. A. Jedlika - Jedlik Ányos Elektrotechnikai Szakkézépiskola - ako organizač;Nové Zámky;Komárňanská 28;94075
Gymnázium;Bytča;Štefánikova 219/4;1401
Gymnázium Jozefa Miloslava Hurbana;Čadca;17. novembra 1296;2201
Gymnázium;Turzovka;Ľ. Štúra 35;2354
Gymnázium Pavla Országa Hviezdoslava;Dolný Kubín;Hviezdoslavovo nám. 18;2624
Cirkevné gymnázium Andreja Radlinského ako organizačná zložka Cirkevnej spojenej školy;Dolný Kubín;Okružná 2026/25;2601
Gymnázium;Kysucké Nové Mesto;Jesenského 2243;2404
Gymnázium;Liptovský Hrádok;Hradná 23;3301
Gymnázium Michala Miloslava Hodžu;Liptovský Mikuláš;M. M. Hodžu 860/9;3136
Evanjelické gymnázium Juraja Tranovského ako organizačná zložka Evanjelickej spojenej školy;Liptovský Mikuláš;Komenského 10;3101
Gymnázium Jozefa Lettricha;Martin;J. Lettricha 2;3601
Gymnázium Viliama Paulinyho Tótha;Martin;Malá hora 3;3601
Bilingválne gymnázium Milana Hodžu;Sučany;Komenského 215;3852
Gymnázium Jozefa Cígera Hronského ako organizačná zložka Spojenej školy;Vrútky;M. R. Štefánika 1;3861
Gymnázium Antona Bernoláka;Námestovo;Mieru 307/23;2901
Gymnázium;Ružomberok;Š. Moyzesa 21;3401
Gymnázium sv. Andreja;Ružomberok;Námestie A. Hlinku 5;3450
Gymnázium Mikuláša Galandu ako organizačná zložka Spojenej školy;Turčianske Teplice;Horné Rakovce 1440/29;3901
Gymnázium Martina Hattalu;Trstená;Železničiarov 278;2801
Gymnázium;Tvrdošín;Školská 837;2744
Gymnázium;Rajec;Javorová 5;1521
Gymnázium Andreja Škrábika ako organizačná zložka Katolíckej spojenej školy;Rajec;Nám. Andreja Škrábika č.5;1501
Gymnázium;Žilina;Hlinská 29;1180
Gymnázium;Žilina;Veľká okružná 22;1001
Gymnázium sv. Františka z Assisi;Žilina;J. M. Hurbana 44;1001
Gymnázium;Žilina;Varšavská cesta 1;1008
Gymnázium bilingválne;Žilina;Tomáša Ružičku 3;1001
Športové gymnázium ako organizačná zložka Spojenej školy;Žilina;Rosinská cesta 4;1008
Súkromné gymnázium;Žilina;Oravská cesta 11;1001
Gymnázium Kráľovnej pokoja ako organizačná zložka Spojenej školy Kraľovnej pokoja;Žilina;Na Závaží 2;1001
Súkromné bilingválne gymnázium;Ružomberok;Bystrická cesta 174/5;3401
Evanjelické gymnázium ako organizačná zložka Evanjelickej spojenej školy;Martin;M. R. Štefánika 17;3601
Stredná zdravotnícka škola sv. Františka z Assisi;Čadca;Horná 137;2201
Stredná zdravotnícka škola;Dolný Kubín;M. Hattalu 2149;2601
Stredná zdravotnícka škola;Liptovský Mikuláš;Vrbická 632;3101
Stredná zdravotnícka škola M.T. Schererovej;Ružomberok;Dončova 7;3401
Stredná zdravotnícka škola;Žilina;Hlboká cesta 23;1001
Konzervatórium;Žilina;J. M. Hurbana 48;1001
Súkromné hudobné a dramatické konzervatórium ako organizačná zložka Súkromnej spojenej školy;Martin;Ul. J. Lettricha č. 3;3601
Súkromné tanečné konzervatórium;Liptovský Hrádok;Hradná 340;3301
Škola úžitkového výtvarníctva;Ružomberok;Scota Viatora 6;3401
Súkromná stredná umelecká škola ako organizačná zložka Súkromnej spojenej školy;Martin;Ul. J. Lettricha č. 3;3601
Stredná umelecká škola ako organizačná zložka Spojenej školy;Nižná;Hattalova 471;2743
Súkromná stredná umelecká škola;Žilina;Hálkova 2968/22;1001
Súkromná stredná odborná škola;Dolný Kubín;SNP 1202/14;2601
Stredná odborná škola;Námestovo;Hattalova 968/33;2901
Stredná odborná škola pre žiakov s telesným postihnutím ako organizačná zložka Spojenej školy internátnej;Žilina;Fatranská 3321/22;1008
Stredná odborná škola sv. Jozefa Robotníka;Žilina;Saleziánska 18;1001
Súkromná stredná odborná škola;Žilina;Saleziánska 18;1001
Súkromná stredná odborná škola spoločného stravovania;Žilina;Závodská cesta 2961;1001
Stredná odborná škola ako organizačná zložka Spojenej školy;Žilina;Hlavná 2;1009
Súkromná stredná odborná škola;Bytča;Sidónie Sakalovej 182;1438
Stredná odborná škola strojnícka;Kysucké Nové Mesto;Športová 1326;2401
Stredná odborná škola strojnícka ako organizačná zložka Spojenej školy;Martin;Červenej armády 25;3601
Stredná odborná škola odevná ako organizačná zložka Spojenej školy;Žilina;Hlavná 2;1009
Stredná odborná škola drevárska a stavebná;Krásno nad Kysucou;Krásno nad Kysucou č.1642;2302
Stredná odborná škola drevárska ako organizačná zložka Spojenej školy;Žilina;Rosinská cesta 4;1008
Stredná odborná škola stavebná;Liptovský Mikuláš;Školská 8;3145
Stredná odborná škola stavebná;Žilina;Tulipánová 2;1162
Stredná priemyselná škola stavebná;Žilina;Veľká okružná 25;1001
Stredná priemyselná škola ako organizačná zložka Spojenej školy;Kysucké Nové Mesto;Nábrežná 1325;2401
Stredná priemyselná škola;Martin;L. Novomeského 5/24;3636
Stredná priemyselná škola Ignáca Gessaya ako organizačná zložka Spojenej školy;Tvrdošín;Medvedzie  133/1;2744
Stredná odborná škola poľnohospodárstva a služieb na vidieku;Žilina;Predmestská 82;1062
Stredná odborná škola lesnícka a drevárska Jozefa Dekreta Matejovie;Liptovský Hrádok;Hradná 534;3301
Stredná odborná škola lesnícka;Tvrdošín;Medvedzie 135;2744
Hotelová akadémia;Liptovský Mikuláš;Čs. brigády 1804;3101
Súkromná hotelová akadémia ako organizačná zložka Súkromnej Spojenej školy EDUCO;Námestovo;Slanická osada 2178;2901
Hotelová akadémia;Žilina;Hlinská 31;1001
Obchodná akadémia Dušana Metoda Janotu;Čadca;17. novembra 2701;2201
Obchodná akadémia;Dolný Kubín;Radlinského 1725/55;2636
Obchodná akadémia;Liptovský Mikuláš;Nábrežie K.Petroviča 1571;3147
Obchodná akadémia;Martin;Bernolákova 2;3637
Obchodná akadémia;Ružomberok;Scota Viatora 4;3401
Súkromná obchodná akadémia ako organizačná zložka Súkromnej Spojenej školy EDUCO;Námestovo;Slanická osada 2178;2901
Obchodná akadémia;Žilina;Veľká okružná 32;1157
Obchodná akadémia sv. Tomáša Akvinského;Žilina;Vysokoškolákov 13;1008
Súkromná stredná odborná škola Pro scholaris;Žilina;Jarná 13;1001
Stredná odborná škola podnikania;Žilina;Sasinkova 45;1001
Stredná odborná škola obchodu a služieb;Čadca;Ul. 17. novembra 2579;2201
Stredná odborná škola obchodu a služieb;Dolný Kubín;Pelhřimovská 1186/10;2680
Stredná odborná škola obchodu a služieb;Martin;Stavbárska 11;3601
Stredná odborná škola obchodu a služieb ako organizačná zložka Spojenej školy;Ružomberok;Scota Viatora 8;3401
Pedagogická a Sociálna akadémia sv. Márie Goretti;Čadca;Horná 137;2201
Pedagogická a sociálna akadémia;Turčianske Teplice;SNP 509/116;3914
Praktická škola sv. Jozefa ako organizačná zložka Spojenej školy sv. Jozefa internátna;Turzovka;Jašíkova 219;2354
Praktická škola ako organizačná zložka Spojenej školy internátnej;Kysucké Nové Mesto;Murgašova 580;2401
Praktická škola ako organizačná zložka Spojenej školy internátnej;Námestovo;Mila Urbana 160/45;2901
Praktická škola ako organizačná zložka Spojenej školy;Čadca;Palárikova 2758;2201
Praktická škola ako organizačná zložka Spojenej školy internátnej;Bytča;Mičurova 367/3;1401
Praktická škola pri SSI;Žilina;Fatranská 3321/22;1008
Odborné učilište ako organizačná zložka Spojenej školy internátnej;Kysucké Nové Mesto;Murgašova 580;2401
Odborné učilište internátne;Liptovský Mikuláš;Janka Alexyho 1942;3101
Odborné učilište;Martin;Stavbárska 11;3680
Spojená škola-Odborné učilište;Ružomberok;Scota Viatora 8;3401
Spojená škola internátna-Odborné učilište;Žilina;Fatranská 3321/22;1008
Odborné učilište ako organizačná zložka Spojenej školy internátnej;Námestovo;M. Urbana 160/45;2901
Dopravná akadémia;Žilina;Rosinská cesta 2;1008
Stredná odborná škola technická;Čadca;Okružná 693;2201
Stredná odborná škola technická;Námestovo;Komenského 496/37;2901
Spojená škola- org. zl. Stredná odborná škola technická;Nižná;Hattalova 471;2743
Stredná odborná škola polytechnická;Dolný Kubín;Jelšavská 404;2601
Stredná odborná škola polytechnická;Liptovský Mikuláš;Demänovská cesta 669;3101
Stredná odborná škola polytechnická;Ružomberok;Sládkovičova ulica 104;3401
Stredná odborná škola elektrotechnická;Liptovský Hrádok;Celiny 536;3315
Stredná odborná škola elektrotechnická;Žilina;Komenského 50;1001
Stredná odborná škola dopravná;Martin;Zelená 2;3608
Gymnázium Andreja Sládkoviča;Banská Bystrica;J.A. Komenského 18;97401
Gymnázium Jozefa Gregora Tajovského;Banská Bystrica;J.G.Tajovského 25;97400
Gymnázium Mikuláša Kováča;Banská Bystrica;Mládežnícka 51;97404
Športové gymnázium;Banská Bystrica;Trieda SNP 54;97401
Katolícke gymnázium Štefana Moysesa;Banská Bystrica;Hurbanova 9;97401
Evanjelické gymnázium;Banská Bystrica;Skuteckého 5;97401
Súkromné gymnázium Banskobystrické;Banská Bystrica;Zvolenská cesta 18;97535
Gymnázium Andreja Kmeťa;Banská Štiavnica;Kolpašská 1738/9;96917
Katolícke gymnázium sv. Františka Assiského ako organizačná zložka Katolíckej spojenej školy sv. Františka Assiského;Banská Štiavnica;Gwerkovej-Göllnerovej 9;96901
Gymnázium Jána Chalupku;Brezno;Štúrova 13;97718
Súkromné gymnázium Železiarne Podbrezová;Podbrezová;Družby 554/64;97681
Gymnázium;Detva;Štúrova 849;96212
Gymnázium Andreja Sládkoviča;Krupina;M. R. Štefánika 8;96301
Gymnázium - Gimnázium;Fiľakovo;Nám. padlých hrdinov 2;98615
Gymnázium Boženy Slančíkovej Timravy;Lučenec;Haličská cesta 9;98403
Súkromné gymnázium;Lučenec;Gemerská cesta 1;98401
Gymnázium ako organizačná zložka spojenej školy;Poltár;Železničná 5;98701
Gymnázium Martina Kukučína;Revúca;V. Clementisa 1166/21;5001
Prvé slovenské literárne gymnázium;Revúca;Železničná 260;5001
Gymnázium - Gimnázium;Tornaľa;Hurbanova 34;98201
Gymnázium Mateja Hrebendu;Hnúšťa;Hlavná 431;98112
Gymnázium Ivana Kraska - Ivan Krasko Gimnázium;Rimavská Sobota;P. Hostinského 3;97901
Gymnázium Mihálya Tompu Reformovanej kresťanskej cirkvi s vyučovacím jazykom maďarským - Tompa Mihály Reform. Gimnázium;Rimavská Sobota;Daxnerova 42;97901
Evanjelické gymnázium;Tisovec;Jesenského 836;98061
Gymnázium  Augusta Horislava Škultétyho;Veľký Krtíš;Školská 21;99001
Gymnázium Ľudovíta Štúra;Zvolen;Hronská 1467/3;96049
Súkromné športové gymnázium;Zvolen;Kalinčiakova 87;96001
Gymnázium Františka Švantnera;Nová Baňa;Bernolákova 9;96801
Súkromné gymnázium;Kremnica;P. Križku 390/4;96701
Gymnázium pre žiakov so sluchovým postihnutím internátne;Kremnica;Kutnohorská 675/20;96701
Súkromné gymnázium;Kremnica;Dolná 48/19;96701
Gymnázium Milana Rúfusa;Žiar nad Hronom;Ul. J. Kollára 2;96501
Stredná zdravotnícka škola;Banská Bystrica;J.G.Tajovského 24;97429
Stredná zdravotnícka škola;Lučenec;Lúčna 2;98417
Stredná zdravotnícka škola;Zvolen;J. Kozáčeka 4;96001
Konzervatórium Jána Levoslava Bellu;Banská Bystrica;Skuteckého 27;97401
Súkromné hudobné a dramatické konzervatórium;Rimavská Sobota;Školská 31;97901
Súkromné konzervatórium;Zvolen;Kalinčiakova 87;96001
Súkromná škola úžitkového výtvarníctva;Kremnica;P. Križku 390/4;96701
Súkromná stredná umelecká škola;Zvolen;Môťovská cesta 8164;96001
Súkromná stredná umelecká škola;Hodruša-Hámre;Kyslá 214;96661
Súkromná stredná umelecká škola scénického výtvarníctva;Zvolen;Kalinčiakova 87;96001
Stredná odborná škola;Banská Bystrica;Pod Bánošom 80;97411
Stredná odborná škola služieb a lesníctva;Banská Štiavnica;Kolpašská 1586/9;96956
Stredná odborná škola techniky a služieb;Brezno;Laskomerského 3;97746
Stredná odborná škola ako organizačná zložka Spojenej školy;Detva;Štúrova 848;96212
Stredná odborná škola - Szakközépiskola;Fiľakovo;J.Kalinčiaka 1584/8;98601
Stredná odborná škola hotelových služieb a dopravy;Lučenec;Zvolenská cesta 83;98401
Stredná odborná škola ako organizačná zložka Spojenej školy;Poltár;Železničná 5;98701
Stredná odborná škola;Revúca;Generála Viesta 6;5001
Súkromná stredná odborná škola;Revúca;Železničná 2;5001
Stredná odborná škola - Szakközépiskola;Tornaľa;Šafárikova 56;98201
Stredná odborná škola;Hnúšťa;Hlavná 425;98111
Súkromná stredná odborná škola;Hnúšťa;Francisciho 372;98101
Stredná odborná škola technická a agropotravinárska - Müszaki, Mezőgazdasági és Élelmiszeripari Szakkőzépiskola;Rimavská Sobota;Okružná 61;97901
Stredná odborná škola;Tisovec;Jesenského 903;98061
Stredná odborná škola;Veľký Krtíš;Poľná 10;99001
Stredná odborná škola;Želovce;Gottwaldova 70/43;99106
Stredná odborná škola;Žarnovica;Bystrická 4;96681
Súkromná stredná odborná škola;Hliník nad Hronom;Kopaničná 237;96601
Stredná odborná škola pre žiakov so sluchovým postihnutím internátna;Kremnica;Kutnohorská 675/20;96701
Súkromná stredná odborná škola - Magán Szakközépiskola;Rimavská Sobota;Novomeského 2070;97901
Súkromná stredná odborná škola hutnícka Železiarne Podbrezová;Podbrezová;Družby 554/64;97681
Stredná odborná škola odevná pre žiakov so sluchovým postihnutím internátna;Kremnica;Kutnohorská 675/20;96701
Stredná odborná škola drevárska;Zvolen;Lučenecká 2193/17;96001
Stredná odborná škola stavebná ako organizačná zložka Spojenej školy;Banská Bystrica;Kremnička 10;97405
Stredná priemyselná škola stavebná ako organizačná zložka Spojenej školy;Banská Bystrica;Kremnička 10;97405
Stredná priemyselná škola stavebná  Oskara Winklera - Winkler Oszkár Építöipari Szakközépiskola;Lučenec;B. Němcovej 1;98415
Stredná priemyselná škola Jozefa Murgaša;Banská Bystrica;Hurbanova 6;97518
Stredná priemyselná škola Samuela Mikovíniho;Banská Štiavnica;Akademická 13;96915
Stredná odborná škola informačných technológií;Banská Bystrica;Tajovského 30;97590
Stredná odborná škola lesnícka;Banská Štiavnica;Akademická 16;96901
Súkromná hotelová akadémia;Banská Štiavnica;Drieňová 12;96916
Hotelová akadémia;Brezno;Malinovského 1;97701
Obchodná akadémia;Banská Bystrica;J.G.Tajovského 25;97573
Obchodná akadémia;Brezno;Malinovského 1;97701
Obchodná akadémia ako organizačná zložka Spojenej školy;Detva;Štúrova 848;96212
Obchodná akadémia;Lučenec;Lúčna 4;98416
Obchodná akadémia - Kereskedelmi Akadémia;Rimavská Sobota;K. Mikszátha 1;97980
Obchodná akadémia ako organizačná zložka Spojenej školy;Modrý Kameň;Jarmočná 1;99280
Súkromná obchodná akadémia;Žiar nad Hronom;Ul.SNP 16;96501
Súkromná obchodná akadémia;Banská Bystrica;Dolná 54;97401
Stredná odborná škola podnikania ako organizačná zložka Spojenej školy;Banská Bystrica;Školská 7;97401
Súkromná stredná odborná škola podnikania;Zvolen;Nám. Mládeže 587/17;96001
Stredná odborná škola obchodu a služieb;Krupina;M. R. Štefánika 8;96301
Stredná odborná škola obchodu a služieb;Rimavská Sobota;Športová 1;97901
Stredná odborná škola obchodu a služieb ako organizačná zložka Spojenej školy;Modrý Kameň;Jarmočná 1;99280
Súkromná stredná odborná škola obchodu a služieb;Očová;Partizánska 8;96223
Stredná odborná škola obchodu a služieb;Nová Baňa;Osvety 17;96801
Stredná odborná škola obchodu a služieb;Žiar nad Hronom;Jilemnického 1282;96501
Stredná odborná škola hotelových služieb a obchodu;Banská Bystrica;Školská 5;97590
Stredná odborná škola hotelových služieb a obchodu;Zvolen;Jabloňová 1351;96001
Súkromná stredná odborná škola pedagogická EBG;Brezno;Školská 5;97701
Pedagogická a sociálna akadémia - Pedagógiai és Szociális Akadémia;Lučenec;J.A.Komenského 12;98418
Elokované pracovisko ako súčasť Súkromnej strednej odbornej školy pedagogickej EBG;Žiar nad Hronom;Nám. Matice slovenskej 23;96501
Praktická škola ako súčasť Špeciálnej základnej školy;Banská Bystrica;Ďumbierska 15;97411
Praktická škola internátna ako súčasť Odborného učilišťa internátneho;Valaská;Švermova 1;97646
Súkromná praktická škola;Detva;Pionierska 850/13;96212
Praktická škola ako súčasť Špeciálnej základnej školy;Lučenec;Zvolenská cesta 59;98401
Praktická škola ako súčasť Špeciálnej základnej školy;Jelšava;Nám.republiky 62;4916
Praktická škola ako súčasť Špeciálnej základnej školy;Rimavská Sobota;Bottova 13;97901
Praktická škola s vyučovacím jazykom maďarským ako súčasť Špeciálnej základnej školy s vyučovacím jazykom maďarským;Rimavská Sobota;Hviezdoslavova 24;97901
Praktická škola ako organizačná zložka Spojenej školy;Nová Baňa;Školská 5;96801
Praktická škola;Kremnica;Českoslov. armády 183/1;96732
Odborné učilište internátne Viliama Gaňu;Banská Bystrica;Moskovská 17;97404
Odborné učilište internátne;Valaská;Švermova 1;97646
Odborné učilište internátne;Lučenec;Haličská cesta 80;98403
Odborné učilište internátne ako organizačná zložka Spojenej školy internátnej;Tornaľa;Mierová 49;98201
Odborné učilište internátne;Želovce;Gottwaldova 70/43;99106
Odborné učilište pre žiakov s telesným postihnutím ako organizačná zložka Spojenej školy;Nová Baňa;Školská 5;96801
Odborné učilište internátne;Kremnica;Kutnohorská 675/20;96701
Stredná odborná škola technická;Lučenec;Dukelských hrdinov 2;98401
Súkromná stredná odborná škola technická;Žiar nad Hronom;Dr. Janského 10;96501
Stredná odborná škola elektrotechnická ako organizačná zložka Spojenej školy;Banská Bystrica;Zvolenská cesta 18;97405
Stredná priemyselná škola dopravná;Zvolen;Sokolská 911/94;96001
Stredná odborná škola automobilová ako organizačná zložka Spojenej školy;Banská Bystrica;Školská 7;97401
Technická akadémia;Zvolen;J. Švermu 1;96001
Gymnázium Leonarda Stöckela;Bardejov;Jiráskova 12;8570
Gymnázium ako organizačná zložka Spojenej školy Juraja Henischa;Bardejov;Slovenská 5;8501
Gymnázium sv. Jána Bosca ako organizačná zložka Cirkevnej spojenej školy;Bardejov;Jiráskova 5;8501
Súkromné gymnázium;Bardejov;Ul. 29. augusta 4;8501
Gymnázium sv. Cyrila a Metoda ako organizačná zložka Cirkevnej spojenej školy;Humenné;Duchnovičova 24;6601
Gymnázium arm. gen. Ludvíka Svobodu;Humenné;Komenského 4;6601
Gymnázium sv. Jána Zlatoústeho;Humenné;Lesná 28;6601
Gymnázium Pavla Országha Hviezdoslava;Kežmarok;Hviezdoslavova 20;6014
Gymnázium ako organizačná zložka Spojenej školy;Spišská Stará Ves;SNP 3/5;6101
Gymnázium Janka Francisciho - Rimavského;Levoča;Kláštorská 37;5401
Gymnázium sv. Františka Assiského;Levoča;Kláštorská 24;5401
Gymnázium;Medzilaborce;Duchnovičova 13;6813
Súkromné gymnázium;Poprad;Rovná 597/15;5801
Gymnázium ako organizačná zložka Spojenej školy;Poprad;Dominika Tatarku 4666/7;5819
Gymnázium;Poprad;Kukučínova 4239/1;5839
Cirkevné gymnázium Pavla Ušáka Olivu ako organizačná zložka Cirkevnej spojenej školy;Poprad;Dlhé hony 3522/2;5801
Gymnázium ako organizačná zložka Spojenej školy Tarasa Ševčenka s vyučovacím jazykom ukrajinským;Prešov;Sládkovičova 4;8001
Gymnázium sv. Mikuláša ako organizačná zložka Katolíckej spojenenej školy sv. Mikuláša;Prešov;Duklianska 16;8001
Gymnázium;Prešov;Konštantínova 2;8001
Gymnázium sv. Moniky;Prešov;Tarasa Ševčenka 1;8001
Evanjelické kolegiálne gymnázium ako organizačná zložka Evanjelickej spojenej školy;Prešov;Námestie legionárov 3;8001
Gymnázium Jána Adama Raymana;Prešov;Mudroňova 20;8001
Gymnázium ako organizačná zložka Spojenej školy;Prešov;Ľ. Podjavorinskej 22;8005
Súkromné gymnázium ako organizačná zložka Súkromnej spojenej školy European English School;Prešov;Solivarská 28;8005
Gymnázium bl. Pavla Petra Gojdiča;Prešov;Bernolákova 21;8001
Súkromné športové gymnázium ELBA;Prešov;Smetanova 2;8001
Gymnázium;Lipany;Komenského 13;8271
Súkromné Gymnázium DSA;Sabinov;Komenského 40;8301
Gymnázium;Snina;Študentská 4;6901
Gymnázium sv. Cyrila a Metoda ako organizačná zložka Cirkevnej spojenej školy;Snina;Švermova 10;6901
Gymnázium Terézie Vansovej;Stará Ľubovňa;17. novembra 6;6401
Cirkevné gymnázium sv. Mikuláša;Stará Ľubovňa;Štúrova 383/3;6401
Gymnázium;Stropkov;Konštantínova 64;9101
Gymnázium;Giraltovce;Dukelská 30;8720
Gymnázium duklianskych hrdinov;Svidník;Komenského 16;8924
Gymnázium;Vranov nad Topľou;Dr. C. Daxnera 88/3;9380
Cirkevné gymnázium sv. Františka z Assisi ako organizačná zložka Cirkevnej spojenej školy;Vranov nad Topľou;Školská 650;9301
Elokované pracovisko ako súčasť Súkromného gymnázia;Kežmarok;Nad Traťou 28;6001
Stredná zdravotnícka škola;Humenné;Lipová 32;6683
Stredná zdravotnícka škola Štefana Kluberta;Levoča;Kláštorská 24A;5401
Stredná zdravotnícka škola;Poprad;Levočská 5;5850
Stredná zdravotnícka škola sv. Bazila Veľkého;Prešov;Kmeťovo stromoradie 1;8001
Stredná zdravotnícka škola;Prešov;Sládkovičova 36;8024
Stredná zdravotnícka škola milosrdného Samaritána;Svidník;Sovietskych hrdinov 80;8901
Súkromné konzervatórium Dezidera Kardoša;Prešov;M. Benku 7;8001
Stredná umelecká škola;Prešov;Vodárenská 3;8001
Stredná umelecká škola;Kežmarok;Slavkovská 19;6001
Súkromná stredná odborná škola;Bardejov;Hviezdoslavova 11;8584
Stredná odborná škola;Kežmarok;Kušnierska brána 349/2;6001
Stredná odborná škola;Kežmarok;Garbiarska 1;6001
Súkromná stredná odborná škola ako organizačná zložka Súkromnej spojenej školy;Kežmarok;Biela voda 2;6001
Stredná odborná škola pre žiakov so zrakovým postihnutím internátna ako organizačná zložka Spojenej školy internátnej;Levoča;Nám. Štefana Kluberta 1;5401
Stredná odborná škola lesnícka ako organizačná zložka Spojenej školy;Bijacovce;Bijacovce 1;5306
Stredná odborná škola Majstra Pavla;Levoča;Kukučínova 9;5427
Stredná odborná škola Andyho Warhola;Medzilaborce;Duchnovičova 506;6801
Súkromná stredná odborná škola;Poprad;Ul. 29. augusta 4812;5801
Stredná odborná škola;Poprad;Okružná 761/25;5801
Stredná odborná škola;Svit;Štefánikova 39;5921
Stredná odborná škola;Vysoké Tatry;Horný Smokovec 26;6201
Súkromná stredná odborná škola;Poprad;Ulica SNP 1253;5801
Súkromná stredná odborná škola ELBA;Prešov;Smetanova 2;8001
Stredná odborná škola;Prešov;Košická 20;8001
Súkromná stredná odborná škola;Prešov;Pod Kalváriou 36;8001
Stredná odborná škola ako organizačná zložka Spojenej školy;Prešov;Kollárova 10;8252
Stredná odborná škola pre žiakov so sluchovým postihnutím int. ako org. zložka Spojenej školy Pavla Sabadoša internátnej;Prešov;Duklianska 2;8001
Stredná odborná škola ako organizačná zložka Spojenej školy;Sabinov;SNP 16;8301
Stredná odborná škola;Lipany;Komenského 16;8271
Stredná odborná škola;Snina;Sládkovičova 2723/120;6927
Stredná odborná škola sv. Klementa Hofbauera;Podolínec;Kláštorná 2;6503
Stredná odborná škola;Stará Ľubovňa;Jarmočná 108;6401
Stredná odborná škola;Stropkov;Hlavná 6;9101
Súkromná stredná odborná škola;Giraltovce;Dukelská 33;8701
Stredná odborná škola arm. gen. L. Svobodu;Svidník;Bardejovská 715/18;8901
Spojená škola;Čaklov;Čaklov 249;9435
Stredná odborná škola;Vranov nad Topľou;A. Dubčeka 963/2;9301
Stredná odborná škola;Humenné;Mierová 1973/79;6601
Stredná priemyselná škola strojnícka;Prešov;Duklianska 1;8004
Stredná priemyselná škola;Svidník;Soviet. hrdinov 369/24;8901
Stredná odborná škola drevárska;Vranov nad Topľou;Lúčna 1055;9301
Stredná priemyselná škola stavebná;Prešov;Plzenská 10;8001
Stredná priemyselná škola;Bardejov;Komenského 5;8542
Stredná priemyselná škola;Poprad;Mnoheľova 828;5846
Stredná priemyselná škola;Prešov;Bardejovská 24;8001
Stredná priemyselná škola;Snina;Partizánska 1059;6901
Stredná odborná škola lesnícka ako organizačná zložka Spojenej školy;Prešov;Kollárova 10;8001
Hotelová akadémia Jána Andraščíka;Bardejov;Pod Vinbargom 3;8598
Hotelová akadémia;Humenné;Štefánikova 28;6601
Hotelová akadémia Otta Brucknera;Kežmarok;MUDr. Alexandra 29;6015
Hotelová akadémia;Prešov;Baštová 32;8085
Súkromná hotelová akadémia;Prešov;Volgogradská 8;8001
Obchodná akadémia;Bardejov;Komenského 5;8528
Obchodná akadémia;Humenné;Komenského 1;6659
Obchodná akadémia;Poprad;Murgašova 94;5801
Súkromná obchodná akadémia;Prešov;Petrovianska 34;8005
Obchodná akadémia;Prešov;Volgogradská 3;8001
Obchodná akadémia;Stará Ľubovňa;Jarmočná 132;6401
Obchodná akadémia ako organizačná zložka Spojenej školy;Svidník;Centrálna 464;8901
Obchodná akadémia;Vranov nad Topľou;Daxnerova 88;9335
Stredná odborná škola podnikania;Prešov;Masarykova 24;8179
Spojená škola;Bardejov;Štefánikova 64;8501
Stredná odborná škola obchodu a služieb;Prešov;Sídl. dukl. hrdinov 3;8134
Stredná pedagogická škola;Levoča;Bottova 15A;5411
Súkromná stredná odborná škola pedagogická EBG;Humenné;Lesná 909/28;6601
Pedagogická a sociálna akadémia;Prešov;Kmeťovo stromoradie 5;8001
Praktická škola ako organizačná zložka Spojenej školy;Bardejov;Pod papierňou 2671;8501
Praktická škola internátna ako organizačná zložka Spojenej školy internátnej;Humenné;Komenského 3;6601
Praktická škola ako organizačná zložka Spojenej školy;Chminianske Jakubovany;Chminianske Jakubovany 21;8233
Praktická škola Jána Vojtaššáka internátna ako organizačná zložka Spojenej školy Jána Vojtaššáka internátnej;Levoča;Kláštorská 24/a;5401
Praktická škola internátna ako organizačná zložka Spojenej školy internátnej;Levoča;Nám. Štefana Kluberta 2;5401
Praktická škola ako organizačná zložka Spojenej školy;Poprad;Partizánska 2;5801
Súkromná praktická škola;Prešov;Matice slovenskej 13;8001
Praktická škola internátna ako organizačná zložka Spojenej školy internátnej;Prešov;Masarykova 11175/20C;8001
Praktická škola ako organizačná zložka Spojenej školy;Prešov;Matice slovenskej 11;8001
Praktická škola ako organizačná zložka Spojenej školy;Lipany;Tehelná 23;8271
Praktická škola ako organizačná zložka Spojenej školy internátnej;Stará Ľubovňa;Levočská 22;6401
Praktická škola internátna ako organizačná zložka Spojenej školy internátnej;Vranov nad Topľou;M. R. Štefánika 140;9341
Praktická škola ako organizačná zložka Spojenej školy;Hanušovce nad Topľou;Kukorelliho 552;9431
Praktická škola ako organizačná zložka Spojenej školy;Vranov nad Topľou;Budovateľská 1309;9301
Evanjelická praktická škola internátna ako organizačná zložka Evanjelickej spojenej školy internátnej;Červenica;Červenica 114;8207
Praktická škola ako organizačná zložka Spojenej školy;Sabinov;SNP 15;8301
Praktická škola ako organizačná zložka Spojenej školy internátnej;Medzilaborce;Duchnovičova 479;6801
Praktická škola internátna ako organizačná zložka Spojenej školy internátnej;Svidník;Partizánska 52;8901
Praktická škola ako organizačná zložka Spojenej školy internátnej;Snina;Palárikova 1602/1;6901
Odborné učilište pre žiakov s telesným postihnutím internátne ako organizačná zložka Spojenej školy internátnej;Humenné;Komenského 3;6601
Odborné učilište ako organizačná zložka Spojenej školy;Veľká Lomnica;Železničná 115;5952
Odborné učilište pre žiakov so zrakovým postihnutím internátne ako organizačná zložka Spojenej školy internátnej;Levoča;Nám. Štefana Kluberta 1;5401
Odborné učilište internátne;Poprad;Šrobárova 20;5801
Odborné učilište internátne;Prešov;Masarykova 11174/20D;8001
Odborné učilište internátne ako organizačná zložka Spojenej školy internátnej;Snina;Palárikova 1602/1;6901
Odborné učilište internátne ako organizačná zložka Spojenej školy internátnej;Stará Ľubovňa;Levočská 24;6401
Súkromné odborné učilište;Stropkov;Hlavná 6;9101
Odborné učilište internátne ako organizačná zložka Spojenej školy internátnej;Svidník;Partizánska 52;8901
Súkromné odborné učilište ako organizačná zložka Súkromnej spojenej školy;Kežmarok;Biela voda 2;6001
Odborné učilište ako organizačná zložka Spojenej školy;Chminianske Jakubovany;Chminianske Jakubovany 21;8233
Súkromné odborné učilište ELBA;Svinia;Záhradnícka 83/19;8232
Odborné učilište sv. Klementa Hofbauera;Podolínec;Kláštorná 2;6503
Odborné učilište ako organizačná zložka Spojenej školy;Lipany;Tehelná 23;8271
Odborné učilište ako organizačná zložka Spojenej školy;Bardejov;Pod papierňou 2671;8501
Odborné učilište Jána Vojtaššáka internátne ako organizačná zložka Spojenej školy;Levoča;Kláštorská 24/a;5401
Odborné učilište ako organizačná zložka Spojenej školy internátnej;Vranov nad Topľou;M. R. Štefánika 140;9341
Stredná odborná škola technická;Humenné;Družstevná 1737;6601
Stredná odborná škola technická;Poprad;Kukučínova 483/12;5801
Stredná odborná škola technická ako organizačná zložka Spojenej školy;Prešov;Ľ. Podjavorinskej 22;8005
Stredná odborná škola technická;Prešov;Volgogradská 1;8001
Stredná odborná škola technická;Stará Ľubovňa;Levočská 40;6401
Stredná odborná škola technická;Svidník;Pionierska 361/4;8901
Stredná odborná škola polytechnická ako organizačná zložka Spojenej školy Juraja Henischa;Bardejov;Slovenská 5;8501
Stredná odborná škola polytechnická;Humenné;Štefánikova 1550/20;6601
Stredná odborná škola elektrotechnická;Poprad - Matejovce;Hlavná 1400/1;5951
Stredná priemyselná škola elektrotechnická;Prešov;Plzenská 1;8047
Stredná odborná škola elektrotechnická;Stropkov;Hviezdoslavova 44;9112
Stredná odborná škola dopravná;Prešov;Konštantínova 2;8001
Gymnázium;Gelnica;SNP 1;5601
Súkromné športové gymnázium;Košice;Užhorodská 39;4011
Gymnázium Milana Rastislava Štefánika;Košice;Nám. L. Novomeského 4;4224
GYMNÁZIUM a Základná škola s vyučovacím jazykom maďarským - Márai Sándor Magyar Tanítási Nyelvű Gimnázium és Alapiskola;Košice;Kuzmányho 6;4174
Gymnázium;Košice;Poštová 9;4252
Gymnázium sv. Tomáša Akvinského;Košice;Zbrojničná 3;4001
Gymnázium;Košice;Šrobárova 1;4223
Súkromné gymnázium;Košice;Katkin park 2;4011
Športové gymnázium;Košice;Trieda SNP 104;4011
Gymnázium;Košice;Trebišovská 12;4011
Gymnázium;Košice;Park mládeže 5;4001
Gymnázium sv. Košických mučeníkov ako organizačná zložka Spojenej školy sv. Košických mučeníkov;Košice;Čordákova 50;4023
Gymnázium sv. Edity Steinovej;Košice;Charkovská 1;4022
Gymnázium;Košice;Alejová 1;4149
Súkromné gymnázium;Košice;Dneperská 1;4012
Evanjelické gymnázium Jána Ámosa Komenského;Košice;Škultétyho 10;4001
Gymnázium;Košice;Opatovská cesta 7;4001
Súkromné gymnázium ako organizačná zložka Súkromnej spojenej školy;Košice;Starozagorská 8;4023
Gymnázium Štefana Moysesa;Moldava nad Bodvou;Školská 13;4517
Gymnázium Pavla Horova;Michalovce;Masarykova 1;7179
Gymnázium;Michalovce;Ľ. Štúra 26;7101
Gymnázium - Gimnázium;Veľké Kapušany;Zoltána Fábryho 1;7901
Gymnázium ako organizačná zložka Spojenej školy;Dobšiná;SNP 607;4925
Gymnázium Pavla Jozefa Šafárika - Pavol Jozef Šafárik Gimnázium;Rožňava;Akademika Hronca 1;4801
Gymnázium;Sobrance;Kpt. Nálepku 6;7301
Gymnázium;Krompachy;Lorencova 46;5342
Gymnázium;Spišská Nová Ves;Javorová 16;5201
Gymnázium;Spišská Nová Ves;Školská 7;5201
Cirkevné gymnázium Štefana Mišíka;Spišská Nová Ves;Radničné námestie 271/8;5201
Gymnázium - Gimnázium;Kráľovský Chlmec;Horešská 18;7701
Gymnázium ako organizačná zložka Spojnej školy;Sečovce;Kollárova 17;7801
Gymnázium;Trebišov;Komenského 32;7501
Cirkevné gymnázium sv. Jána Krstiteľa;Trebišov;M. R. Štefánika 9;7501
Súkromné gymnázium FUTURUM;Košice;Grešáková  1;4001
Premonštrátske gymnázium;Košice;Kováčska 28;4001
Gymnázium bl. Sáry Salkaházi s vyučovacím jazykom maďarským - Boldog Salkaházi Sára Magyar Tannyelvű Egyházi Gimnázium;Moldava nad Bodvou;Československej armády 15;4501
Stredná zdravotnícka škola sv. Alžbety;Košice;Mäsiarska 25;4001
Stredná zdravotnícka škola;Košice;Moyzesova 17;4176
Stredná zdravotnícka škola;Košice;Kukučínova 40;4137
Stredná zdravotnícka škola;Michalovce;Masarykova 27;7101
Stredná zdravotnícka škola - Egészségügyi Középiskola;Rožňava;Námestie 1. mája č. 1;4801
Konzervatórium;Košice;Timonova 2;4203
Súkromné konzervatórium;Košice;Zádielska 12;4001
Súkromné hudobné a dramatické konzervatórium;Košice;Požiarnická 1;4001
Konzervatórium Jozefa Adamoviča;Košice;Exnárova 8;4023
Škola úžitkového výtvarníctva;Košice;Jakobyho 15;4001
Súkromná stredná umelecká škola filmová;Košice;Petzvalova 2;4011
Stredná odborná škola;Prakovce;Prakovce 282;5562
Stredná odborná škola Jozefa Szakkayho - Szakkay József Szakközépiskola;Košice;Grešákova 1;4001
Stredná odborná škola Jána Bocatia;Košice;Bocatiova 1;4001
Stredná odborná škola;Košice;Učňovská 5;4015
Súkromná stredná odborná škola;Košice;Postupimská 37;4022
Súkromná stredná odborná škola;Košice;Bukovecká 17;4012
Stredná odborná škola;Košice;Gemerská 1;4011
Súkromná stredná odborná škola PAMIKO;Košice;Kukučínova 23;4001
Stredná odborná škola pre žiakov s telesným postihnutím ako organizačná zložka Spojenej školy;Košice;Opatovská cesta 97;4057
Stredná odborná škola;Košice;Ostrovského 1;4001
Stredná odborná škola - Szakközépiskola;Moldava nad Bodvou;Hlavná 54;4501
Stredná odborná škola sv. Cyrila a Metoda;Michalovce;Tehliarska 2;7101
Stredná odborná škola - Szakközépiskola;Veľké Kapušany;Janka Kráľa 25;7901
Stredná odborná škola;Strážske;Mierová 727;7222
Stredná odborná škola  ako organizačná zložka Spojenej školy;Dobšiná;Zimná 96;4925
Stredná odborná škola technická;Rožňava;Hviezdoslavova 5;4801
Stredná odborná škola s vyučovacím jazykom maďarským - Szakközépiskola,  ako organizačná zložka Spojenej školy;Rožňava;J. A .Komenského 5;4801
Súkromná stredná odborná škola SEZ  ako organizačná zložka Súkromnej spojenej školy SEZ;Krompachy;Maurerova 55;5342
Stredná odborná škola;Spišská Nová Ves;Markušovská cesta 4;5201
Stredná odborná škola technická ako organizačná zložka Spojenej školy Bijacovce 1;Rudňany;Rudňany 65;5323
Stredná odborná škola služieb ako organizačná zložka Spojenej školy Bijacovce 1;Bystrany;Bystrany 46;5362
Súkromná stredná odborná škola DSA;Trebišov;Komenského 12;7501
Cirkevná stredná odborná škola sv. Jozafáta;Trebišov;Komenského 1963/10;7501
Stredná odborná škola - Szakközépiskola;Kráľovský Chlmec;Rákocziho 23;7701
Stredná odborná škola ako organizačná zložka Spojenej školy;Sečovce;Kollárova 17;7801
Stredná odborná škola - Szakközépiskola;Pribeník;J. Majlátha 2;7651
Súkromná stredná odborná škola;Malčice;Malčice 347;7206
Súkromná stredná odborná škola Nová cesta Magán Szakközépiskola Új út;Malčice;Hlavná 265;7206
Súkromná stredná odborná škola -  Magán Szakkozépiskola;Veľké Kapušany;Ulica Zoltána Fábryho 19;7901
Stredná priemyselná škola strojnícka;Košice;Komenského 2;4001
Technická akadémia;Spišská Nová Ves;Hviezdoslavova 6;5201
Stredná odborná škola drevárska;Spišská Nová Ves;Filinského 7;5201
Stredná priemyselná škola stavebná a geodetická;Košice;Lermontovova 1;4001
Stredná odborná škola poľnohospodárstva a služieb na vidieku;Košice;Kukučínova 23;4012
Stredná odborná škola veterinárna;Košice;Nám.mladých poľnoho. 2;4017
Hotelová akadémia;Košice;Južná trieda 10;4001
Súkromná hotelová akadémia - Dufincova;Michalovce;Komenského 1;7101
Hotelová akadémia;Spišská Nová Ves;Radničné námestie 1;5201
Obchodná akadémia;Košice;Watsonova 61;4001
Obchodná akadémia pre žiakov s telesným postihnutím ako organizačná zložka Spojenej školy;Košice;Opatovská cesta 97;4057
Obchodná akadémia;Košice;Polárna 1;4012
Obchodná akadémia;Michalovce;Kapušianska 2;7101
Obchodná akadémia;Rožňava;Akademika Hronca 8;4801
Obchodná akadémia;Trebišov;Komenského 3425/18;7542
Súkromná stredná odborná škola ekonomickáTercium;Košice;Palackého 14;4001
Stredná odborná škola ekonomická;Spišská Nová Ves;Stojan 1;5201
Stredná odborná škola obchodu a služieb;Michalovce;Školská 4;7101
Stredná odborná škola obchodu a služieb;Rožňava;Rožňavská Baňa 211;4801
Stredná odborná škola obchodu a služieb;Sobrance;Námestie slobody 12;7301
Katolícka stredná pedagogická škola sv. Cyrila a Metoda;Košice;Južná trieda 48;4001
Súkromná pedagogická a sociálna akadémia;Košice;Požiarnická 1;4001
Praktická škola ako organizačná zložka Spojenej školy;Košice;Opatovská cesta 101;4057
Súkromná praktická škola;Košice;Myslavská 401;4016
Praktická škola ako organizačná zložka Spojenej školy;Moldava nad Bodvou;Hlavná 53;4501
Praktická škola internátna ako organizačná zložka Spojenej školy internátnej;Ždaňa;Abovská 244/18;4411
Praktická škola internátna ako organizačná zložka Spojenej školy internátnej;Michalovce;Školská 12;7101
Praktická škola ako organizačná zložka Spojenej školy;Spišská Nová Ves;Hviezdoslavova 25;5201
Praktická škola internátna ako organizačná zložka Spojenej školy internátnej;Spišské Vlachy;Partizánska 13;5361
Praktická škola sv. Maximiliána Mária Kolbeho ako organizačná zložka Spojenej školy sv.M.M.Kolbeho;Spišská Nová Ves;Gaštanova ul. č. 11;5201
Praktická škola ako organizačná zložka Spojenej školy;Pavlovce nad Uhom;Kapušianska 2;7214
Praktická škola ako organizačná zložka Spojenej školy;Veľké Kapušany;J. Dózsu 32;7901
Praktická škola ako organizačná zložka Spojenej školy;Košice;Vojenská 13;4001
Praktická škola internátna ako organizačná zložka Spojenej školy internátnej;Prakovce;Breziny 256;5562
Praktická škola ako organizačná zložka Spojenej školy;Košice;Alejová 6;4011
Praktická škola internátna ako organizačná zložka Spojenej školy internátnej;Trebišov;Poľná 1;7501
Odborné učilište internátne ako organizačná zložka Spojenej školy internátnej;Prakovce;Breziny 256;5562
Odborné učilište ako organizačná zložka Spojenej školy;Košice;Alejová 6;4011
Odborné učilište internátne Viliama Gaňa ako organizačná zložka  Spojenej školy internátnej;Michalovce;Školská 12;7101
Odborné učilište ako organizačná zložka Spojenej školy;Dobšiná;Nová 803;4925
Odborné učilište ako organizačná zložka Spojenej školy internátnej;Rožňava;Zeleného stromu 8;4801
Odborné učilište ako organizačná zložka Spojenej školy;Rudňany;Zimné 465;5323
Odborné učilište ako organizačná zložka Spojenej školy;Spišská Nová Ves;Hviezdoslavova 25;5270
Odborné učilište internátne ako organizačná zložka Spojenej školy internátnej;Trebišov;Poľná 1;7501
Odborné učilište ako organizačná zložka Spojenej školy;Veľké Kapušany;J. Dózsu 32;7901
Súkromné odborné učilište SEZ Krompachy - organizačná zložka Súkromnej spojenej školy SEZ Krompachy;Krompachy;Maurerova 55;5342
Stredná odborná škola technická;Košice;Kukučínova 23;4001
Stredná odborná škola technická;Michalovce;Partizánska 1;7192
Stredná priemyselná škola elektrotechnická;Košice;Komenského 44;4001
Stredná priemyselná škola dopravná;Košice;Hlavná 113;4001
Stredná odborná škola železničná;Košice;Palackého 14;4001
Stredná odborná škola automobilová;Košice;Moldavská cesta 2;4199
